[
  {
    "name": "Amethyst",
    "price": 10.00,
    "quantity": 5
  },
  {
    "name": "Citrine",
    "price": 15.00,
    "quantity": 3
  },
  {
    "name": "Clear Quartz",
    "price": 5.00,
    "quantity": 10
  },
  {
    "name": "Rose Quartz",
    "price": 20.00,
    "quantity": 2
  },
  {
    "name": "Obsidian",
    "price": 8.00,
    "quantity": 4
  },
  {
    "name": "Fluorite",
    "price": 12.00,
    "quantity": 6
  },
  {
    "name": "Turquoise",
    "price": 18.00,
    "quantity": 1
  },
  {
    "name": "Malachite",
    "price": 16.00,
    "quantity": 4
  },
  {
    "name": "Labradorite",
    "price": 25.00,
    "quantity": 2
  },
  {
    "name": "Moonstone",
    "price": 14.00,
    "quantity": 7
  }
]
